{
  "unlockables": [
    {
      "key": "Cozy lights",
      "value": {
        "active": true,
        "override_price": false,
        "price": 140
      }
    },
    {
      "key": "Fatalities Sign",
      "value": {
        "active": true,
        "override_price": false,
        "price": 100
      }
    },
    {
      "key": "Goldfish",
      "value": {
        "active": true,
        "override_price": false,
        "price": 50
      }
    },
    {
      "key": "Green suit",
      "value": {
        "active": true,
        "override_price": false,
        "price": 60
      }
    },
    {
      "key": "Hazard suit",
      "value": {
        "active": true,
        "override_price": false,
        "price": 90
      }
    },
    {
      "key": "JackOLantern",
      "value": {
        "active": true,
        "override_price": false,
        "price": 50
      }
    },
    {
      "key": "Large Rug",
      "value": {
        "active": true,
        "override_price": false,
        "price": 110
      }
    },
    {
      "key": "Pajama suit",
      "value": {
        "active": true,
        "override_price": false,
        "price": 900
      }
    },
    {
      "key": "Plushie pajama man",
      "value": {
        "active": true,
        "override_price": false,
        "price": 100
      }
    },
    {
      "key": "Purple Suit",
      "value": {
        "active": true,
        "override_price": false,
        "price": 900
      }
    },
    {
      "key": "Record player",
      "value": {
        "active": true,
        "override_price": false,
        "price": 120
      }
    },
    {
      "key": "Romantic table",
      "value": {
        "active": true,
        "override_price": false,
        "price": 120
      }
    },
    {
      "key": "Shower",
      "value": {
        "active": true,
        "override_price": false,
        "price": 180
      }
    },
    {
      "key": "Table",
      "value": {
        "active": true,
        "override_price": false,
        "price": 70
      }
    },
    {
      "key": "Television",
      "value": {
        "active": true,
        "override_price": false,
        "price": 130
      }
    },
    {
      "key": "Toilet",
      "value": {
        "active": true,
        "override_price": false,
        "price": 150
      }
    },
    {
      "key": "Welcome mat",
      "value": {
        "active": true,
        "override_price": false,
        "price": 40
      }
    },
    {
      "key": "Dartboard",
      "value": {
        "active": true,
        "override_price": false,
        "price": 120
      }
    },
    {
      "key": "Inverse Teleporter",
      "value": {
        "active": true,
        "override_price": false,
        "price": 425
      }
    },
    {
      "key": "Loud horn",
      "value": {
        "active": true,
        "override_price": false,
        "price": 100
      }
    },
    {
      "key": "Mirror",
      "value": {
        "active": true,
        "override_price": false,
        "price": 0
      }
    },
    {
      "key": "Radio",
      "value": {
        "active": true,
        "override_price": false,
        "price": 80
      }
    },
    {
      "key": "Signal translator",
      "value": {
        "active": true,
        "override_price": false,
        "price": 255
      }
    },
    {
      "key": "Small Rug",
      "value": {
        "active": true,
        "override_price": false,
        "price": 80
      }
    },
    {
      "key": "Teleporter",
      "value": {
        "active": true,
        "override_price": false,
        "price": 375
      }
    }
  ]
}