{
  "items": [
    {
      "key": "Airhorn",
      "value": {
        "active": true,
        "override_min_value": false,
        "min_value": 130,
        "override_max_value": false,
        "max_value": 180,
        "override_weight": false,
        "weight": 1.0
      }
    },
    {
      "key": "Alcohol Flask",
      "value": {
        "active": true,
        "override_min_value": false,
        "min_value": 80,
        "override_max_value": false,
        "max_value": 160,
        "override_weight": false,
        "weight": 1.0
      }
    },
    {
      "key": "Amethyst Cluster",
      "value": {
        "active": true,
        "override_min_value": false,
        "min_value": 140,
        "override_max_value": false,
        "max_value": 180,
        "override_weight": false,
        "weight": 1.12
      }
    },
    {
      "key": "Anvil",
      "value": {
        "active": true,
        "override_min_value": false,
        "min_value": 450,
        "override_max_value": false,
        "max_value": 875,
        "override_weight": false,
        "weight": 13.0
      }
    },
    {
      "key": "Army Canteen",
      "value": {
        "active": true,
        "override_min_value": false,
        "min_value": 90,
        "override_max_value": false,
        "max_value": 140,
        "override_weight": false,
        "weight": 1.02
      }
    },
    {
      "key": "Army Helmet",
      "value": {
        "active": true,
        "override_min_value": false,
        "min_value": 90,
        "override_max_value": false,
        "max_value": 140,
        "override_weight": false,
        "weight": 1.08
      }
    },
    {
      "key": "Arson Plush",
      "value": {
        "active": true,
        "override_min_value": false,
        "min_value": 100,
        "override_max_value": false,
        "max_value": 250,
        "override_weight": false,
        "weight": 1.0952
      }
    },
    {
      "key": "Baseball bat",
      "value": {
        "active": true,
        "override_min_value": false,
        "min_value": 140,
        "override_max_value": false,
        "max_value": 260,
        "override_weight": false,
        "weight": 1.1
      }
    },
    {
      "key": "Beer can",
      "value": {
        "active": true,
        "override_min_value": false,
        "min_value": 30,
        "override_max_value": false,
        "max_value": 100,
        "override_weight": false,
        "weight": 1.0
      }
    },
    {
      "key": "Bell",
      "value": {
        "active": true,
        "override_min_value": false,
        "min_value": 120,
        "override_max_value": false,
        "max_value": 200,
        "override_weight": false,
        "weight": 1.23
      }
    },
    {
      "key": "Big bolt",
      "value": {
        "active": true,
        "override_min_value": false,
        "min_value": 50,
        "override_max_value": false,
        "max_value": 80,
        "override_weight": false,
        "weight": 1.18
      }
    },
    {
      "key": "Bit coin",
      "value": {
        "active": true,
        "override_min_value": false,
        "min_value": 5,
        "override_max_value": false,
        "max_value": 8,
        "override_weight": false,
        "weight": 1.0
      }
    },
    {
      "key": "Bong",
      "value": {
        "active": true,
        "override_min_value": false,
        "min_value": 150,
        "override_max_value": false,
        "max_value": 200,
        "override_weight": false,
        "weight": 1.17
      }
    },
    {
      "key": "Book",
      "value": {
        "active": true,
        "override_min_value": false,
        "min_value": 90,
        "override_max_value": false,
        "max_value": 130,
        "override_weight": false,
        "weight": 1.06
      }
    },
    {
      "key": "Bottles",
      "value": {
        "active": true,
        "override_min_value": false,
        "min_value": 110,
        "override_max_value": false,
        "max_value": 140,
        "override_weight": false,
        "weight": 1.18
      }
    },
    {
      "key": "Brick",
      "value": {
        "active": true,
        "override_min_value": false,
        "min_value": 40,
        "override_max_value": false,
        "max_value": 70,
        "override_weight": false,
        "weight": 1.1
      }
    },
    {
      "key": "Broken engine",
      "value": {
        "active": true,
        "override_min_value": false,
        "min_value": 200,
        "override_max_value": false,
        "max_value": 460,
        "override_weight": false,
        "weight": 1.75
      }
    },
    {
      "key": "Brush",
      "value": {
        "active": true,
        "override_min_value": false,
        "min_value": 20,
        "override_max_value": false,
        "max_value": 90,
        "override_weight": false,
        "weight": 1.1
      }
    },
    {
      "key": "Bucket",
      "value": {
        "active": true,
        "override_min_value": false,
        "min_value": 75,
        "override_max_value": false,
        "max_value": 150,
        "override_weight": false,
        "weight": 1.2
      }
    },
    {
      "key": "Bunny ears",
      "value": {
        "active": true,
        "override_min_value": false,
        "min_value": 499,
        "override_max_value": false,
        "max_value": 749,
        "override_weight": false,
        "weight": 1.0
      }
    },
    {
      "key": "Burnt Note 1",
      "value": {
        "active": true,
        "override_min_value": false,
        "min_value": 30,
        "override_max_value": false,
        "max_value": 60,
        "override_weight": false,
        "weight": 1.0
      }
    },
    {
      "key": "Burnt Note 2",
      "value": {
        "active": true,
        "override_min_value": false,
        "min_value": 30,
        "override_max_value": false,
        "max_value": 60,
        "override_weight": false,
        "weight": 1.0
      }
    },
    {
      "key": "Burnt Note 3",
      "value": {
        "active": true,
        "override_min_value": false,
        "min_value": 30,
        "override_max_value": false,
        "max_value": 60,
        "override_weight": false,
        "weight": 1.0
      }
    },
    {
      "key": "Burnt Note 4",
      "value": {
        "active": true,
        "override_min_value": false,
        "min_value": 30,
        "override_max_value": false,
        "max_value": 60,
        "override_weight": false,
        "weight": 1.0
      }
    },
    {
      "key": "Butter Schnapps",
      "value": {
        "active": true,
        "override_min_value": false,
        "min_value": 30,
        "override_max_value": false,
        "max_value": 55,
        "override_weight": false,
        "weight": 1.06
      }
    },
    {
      "key": "Can paint",
      "value": {
        "active": true,
        "override_min_value": false,
        "min_value": 100,
        "override_max_value": false,
        "max_value": 150,
        "override_weight": false,
        "weight": 1.2
      }
    },
    {
      "key": "Candle Holder",
      "value": {
        "active": true,
        "override_min_value": false,
        "min_value": 100,
        "override_max_value": false,
        "max_value": 140,
        "override_weight": false,
        "weight": 1.1
      }
    },
    {
      "key": "Candy",
      "value": {
        "active": true,
        "override_min_value": false,
        "min_value": 15,
        "override_max_value": false,
        "max_value": 90,
        "override_weight": false,
        "weight": 1.1
      }
    },
    {
      "key": "Canteen",
      "value": {
        "active": true,
        "override_min_value": false,
        "min_value": 20,
        "override_max_value": false,
        "max_value": 80,
        "override_weight": false,
        "weight": 1.0
      }
    },
    {
      "key": "Car battery",
      "value": {
        "active": true,
        "override_min_value": false,
        "min_value": 80,
        "override_max_value": false,
        "max_value": 150,
        "override_weight": false,
        "weight": 1.25
      }
    },
    {
      "key": "Cash register",
      "value": {
        "active": true,
        "override_min_value": false,
        "min_value": 200,
        "override_max_value": false,
        "max_value": 400,
        "override_weight": false,
        "weight": 1.8
      }
    },
    {
      "key": "Chemical jug",
      "value": {
        "active": true,
        "override_min_value": false,
        "min_value": 80,
        "override_max_value": false,
        "max_value": 210,
        "override_weight": false,
        "weight": 1.3
      }
    },
    {
      "key": "Clamp",
      "value": {
        "active": true,
        "override_min_value": false,
        "min_value": 120,
        "override_max_value": false,
        "max_value": 200,
        "override_weight": false,
        "weight": 1.18
      }
    },
    {
      "key": "Clock",
      "value": {
        "active": true,
        "override_min_value": false,
        "min_value": 40,
        "override_max_value": false,
        "max_value": 110,
        "override_weight": false,
        "weight": 1.03
      }
    },
    {
      "key": "Clown horn",
      "value": {
        "active": true,
        "override_min_value": false,
        "min_value": 130,
        "override_max_value": false,
        "max_value": 180,
        "override_weight": false,
        "weight": 1.0
      }
    },
    {
      "key": "Comedy",
      "value": {
        "active": true,
        "override_min_value": false,
        "min_value": 70,
        "override_max_value": false,
        "max_value": 130,
        "override_weight": false,
        "weight": 1.1
      }
    },
    {
      "key": "Concrete Block",
      "value": {
        "active": true,
        "override_min_value": false,
        "min_value": 200,
        "override_max_value": false,
        "max_value": 400,
        "override_weight": false,
        "weight": 3.34
      }
    },
    {
      "key": "Cookie Fumo",
      "value": {
        "active": true,
        "override_min_value": false,
        "min_value": 100,
        "override_max_value": false,
        "max_value": 250,
        "override_weight": false,
        "weight": 1.0476
      }
    },
    {
      "key": "Cookie mold pan",
      "value": {
        "active": true,
        "override_min_value": false,
        "min_value": 30,
        "override_max_value": false,
        "max_value": 100,
        "override_weight": false,
        "weight": 1.15
      }
    },
    {
      "key": "Crescent of Curses",
      "value": {
        "active": true,
        "override_min_value": false,
        "min_value": 280,
        "override_max_value": false,
        "max_value": 360,
        "override_weight": false,
        "weight": 1.38
      }
    },
    {
      "key": "Cursed Coin",
      "value": {
        "active": true,
        "override_min_value": false,
        "min_value": 80,
        "override_max_value": false,
        "max_value": 110,
        "override_weight": false,
        "weight": 1.07
      }
    },
    {
      "key": "Demon Candle",
      "value": {
        "active": true,
        "override_min_value": false,
        "min_value": 130,
        "override_max_value": false,
        "max_value": 180,
        "override_weight": false,
        "weight": 1.13
      }
    },
    {
      "key": "Diamond",
      "value": {
        "active": true,
        "override_min_value": false,
        "min_value": 380,
        "override_max_value": false,
        "max_value": 480,
        "override_weight": false,
        "weight": 1.05
      }
    },
    {
      "key": "Dirty Arson Plush",
      "value": {
        "active": true,
        "override_min_value": false,
        "min_value": 30,
        "override_max_value": false,
        "max_value": 150,
        "override_weight": false,
        "weight": 1.0952
      }
    },
    {
      "key": "Dust pan",
      "value": {
        "active": true,
        "override_min_value": false,
        "min_value": 30,
        "override_max_value": false,
        "max_value": 80,
        "override_weight": false,
        "weight": 1.0
      }
    },
    {
      "key": "Egg beater",
      "value": {
        "active": true,
        "override_min_value": false,
        "min_value": 30,
        "override_max_value": false,
        "max_value": 110,
        "override_weight": false,
        "weight": 1.1
      }
    },
    {
      "key": "Empty Syringe",
      "value": {
        "active": true,
        "override_min_value": false,
        "min_value": 5,
        "override_max_value": false,
        "max_value": 9,
        "override_weight": false,
        "weight": 1.0
      }
    },
    {
      "key": "Fan",
      "value": {
        "active": true,
        "override_min_value": false,
        "min_value": 75,
        "override_max_value": false,
        "max_value": 125,
        "override_weight": false,
        "weight": 1.12
      }
    },
    {
      "key": "Fancy lamp",
      "value": {
        "active": true,
        "override_min_value": false,
        "min_value": 150,
        "override_max_value": false,
        "max_value": 320,
        "override_weight": false,
        "weight": 1.2
      }
    },
    {
      "key": "Fancy Painting",
      "value": {
        "active": true,
        "override_min_value": false,
        "min_value": 300,
        "override_max_value": false,
        "max_value": 500,
        "override_weight": false,
        "weight": 1.45
      }
    },
    {
      "key": "Fire Axe",
      "value": {
        "active": true,
        "override_min_value": false,
        "min_value": 320,
        "override_max_value": false,
        "max_value": 480,
        "override_weight": false,
        "weight": 1.3
      }
    },
    {
      "key": "Fire extinguisher",
      "value": {
        "active": true,
        "override_min_value": false,
        "min_value": 150,
        "override_max_value": false,
        "max_value": 225,
        "override_weight": false,
        "weight": 1.35
      }
    },
    {
      "key": "Fire hydrant",
      "value": {
        "active": true,
        "override_min_value": false,
        "min_value": 200,
        "override_max_value": false,
        "max_value": 280,
        "override_weight": false,
        "weight": 1.65
      }
    },
    {
      "key": "Fireaxe",
      "value": {
        "active": true,
        "override_min_value": false,
        "min_value": 180,
        "override_max_value": false,
        "max_value": 300,
        "override_weight": false,
        "weight": 1.25
      }
    },
    {
      "key": "Flask",
      "value": {
        "active": true,
        "override_min_value": false,
        "min_value": 40,
        "override_max_value": false,
        "max_value": 110,
        "override_weight": false,
        "weight": 1.18
      }
    },
    {
      "key": "Flintlock",
      "value": {
        "active": true,
        "override_min_value": false,
        "min_value": 130,
        "override_max_value": false,
        "max_value": 160,
        "override_weight": false,
        "weight": 1.07
      }
    },
    {
      "key": "Food can",
      "value": {
        "active": true,
        "override_min_value": false,
        "min_value": 75,
        "override_max_value": false,
        "max_value": 125,
        "override_weight": false,
        "weight": 1.03
      }
    },
    {
      "key": "Frog",
      "value": {
        "active": true,
        "override_min_value": false,
        "min_value": 140,
        "override_max_value": false,
        "max_value": 160,
        "override_weight": false,
        "weight": 1.12
      }
    },
    {
      "key": "Gameboy",
      "value": {
        "active": true,
        "override_min_value": false,
        "min_value": 60,
        "override_max_value": false,
        "max_value": 120,
        "override_weight": false,
        "weight": 1.0
      }
    },
    {
      "key": "Garbage",
      "value": {
        "active": true,
        "override_min_value": false,
        "min_value": 40,
        "override_max_value": false,
        "max_value": 80,
        "override_weight": false,
        "weight": 1.2
      }
    },
    {
      "key": "giant poster",
      "value": {
        "active": true,
        "override_min_value": false,
        "min_value": 12,
        "override_max_value": false,
        "max_value": 45,
        "override_weight": false,
        "weight": 1.0
      }
    },
    {
      "key": "Gift",
      "value": {
        "active": true,
        "override_min_value": false,
        "min_value": 30,
        "override_max_value": false,
        "max_value": 70,
        "override_weight": false,
        "weight": 1.18
      }
    },
    {
      "key": "Glass Eye",
      "value": {
        "active": true,
        "override_min_value": false,
        "min_value": 100,
        "override_max_value": false,
        "max_value": 140,
        "override_weight": false,
        "weight": 1.04
      }
    },
    {
      "key": "Glizzy",
      "value": {
        "active": true,
        "override_min_value": false,
        "min_value": 25,
        "override_max_value": false,
        "max_value": 60,
        "override_weight": false,
        "weight": 1.0476
      }
    },
    {
      "key": "Gnarpy Plush",
      "value": {
        "active": true,
        "override_min_value": false,
        "min_value": 100,
        "override_max_value": false,
        "max_value": 250,
        "override_weight": false,
        "weight": 1.0952
      }
    },
    {
      "key": "Gold bar",
      "value": {
        "active": true,
        "override_min_value": false,
        "min_value": 255,
        "override_max_value": false,
        "max_value": 525,
        "override_weight": false,
        "weight": 1.73
      }
    },
    {
      "key": "Golden cup",
      "value": {
        "active": true,
        "override_min_value": false,
        "min_value": 100,
        "override_max_value": false,
        "max_value": 200,
        "override_weight": false,
        "weight": 1.15
      }
    },
    {
      "key": "Gramophone",
      "value": {
        "active": true,
        "override_min_value": false,
        "min_value": 120,
        "override_max_value": false,
        "max_value": 160,
        "override_weight": false,
        "weight": 1.18
      }
    },
    {
      "key": "Gremlin Can",
      "value": {
        "active": true,
        "override_min_value": false,
        "min_value": 45,
        "override_max_value": false,
        "max_value": 225,
        "override_weight": false,
        "weight": 1.07
      }
    },
    {
      "key": "Hairdryer",
      "value": {
        "active": true,
        "override_min_value": false,
        "min_value": 150,
        "override_max_value": false,
        "max_value": 250,
        "override_weight": false,
        "weight": 1.07
      }
    },
    {
      "key": "Hamis Plush",
      "value": {
        "active": true,
        "override_min_value": false,
        "min_value": 60,
        "override_max_value": false,
        "max_value": 250,
        "override_weight": false,
        "weight": 1.0476
      }
    },
    {
      "key": "Hammer",
      "value": {
        "active": true,
        "override_min_value": false,
        "min_value": 75,
        "override_max_value": false,
        "max_value": 150,
        "override_weight": false,
        "weight": 1.15
      }
    },
    {
      "key": "Heroin Syringe",
      "value": {
        "active": true,
        "override_min_value": false,
        "min_value": 16,
        "override_max_value": false,
        "max_value": 28,
        "override_weight": false,
        "weight": 1.0
      }
    },
    {
      "key": "Homemade flashbang",
      "value": {
        "active": true,
        "override_min_value": false,
        "min_value": 25,
        "override_max_value": false,
        "max_value": 70,
        "override_weight": false,
        "weight": 1.05
      }
    },
    {
      "key": "Jagermeister",
      "value": {
        "active": true,
        "override_min_value": false,
        "min_value": 40,
        "override_max_value": false,
        "max_value": 67,
        "override_weight": false,
        "weight": 1.06
      }
    },
    {
      "key": "Jar of pickles",
      "value": {
        "active": true,
        "override_min_value": false,
        "min_value": 80,
        "override_max_value": false,
        "max_value": 150,
        "override_weight": false,
        "weight": 1.15
      }
    },
    {
      "key": "Jerrycan",
      "value": {
        "active": true,
        "override_min_value": false,
        "min_value": 150,
        "override_max_value": false,
        "max_value": 200,
        "override_weight": false,
        "weight": 1.35
      }
    },
    {
      "key": "Key",
      "value": {
        "active": true,
        "override_min_value": false,
        "min_value": 0,
        "override_max_value": false,
        "max_value": 0,
        "override_weight": false,
        "weight": 1.0
      }
    },
    {
      "key": "Keyboard",
      "value": {
        "active": true,
        "override_min_value": false,
        "min_value": 80,
        "override_max_value": false,
        "max_value": 200,
        "override_weight": false,
        "weight": 1.1
      }
    },
    {
      "key": "Lantern",
      "value": {
        "active": true,
        "override_min_value": false,
        "min_value": 120,
        "override_max_value": false,
        "max_value": 140,
        "override_weight": false,
        "weight": 1.15
      }
    },
    {
      "key": "Large axle",
      "value": {
        "active": true,
        "override_min_value": false,
        "min_value": 90,
        "override_max_value": false,
        "max_value": 140,
        "override_weight": false,
        "weight": 1.15
      }
    },
    {
      "key": "Laser pointer",
      "value": {
        "active": true,
        "override_min_value": false,
        "min_value": 80,
        "override_max_value": false,
        "max_value": 250,
        "override_weight": false,
        "weight": 1.0
      }
    },
    {
      "key": "Lava Crystal",
      "value": {
        "active": true,
        "override_min_value": false,
        "min_value": 100,
        "override_max_value": false,
        "max_value": 120,
        "override_weight": false,
        "weight": 1.05
      }
    },
    {
      "key": "Library lamp",
      "value": {
        "active": true,
        "override_min_value": false,
        "min_value": 280,
        "override_max_value": false,
        "max_value": 400,
        "override_weight": false,
        "weight": 1.3
      }
    },
    {
      "key": "Light shoes",
      "value": {
        "active": true,
        "override_min_value": false,
        "min_value": 624,
        "override_max_value": false,
        "max_value": 874,
        "override_weight": false,
        "weight": 1.0476191
      }
    },
    {
      "key": "Lost Note 1",
      "value": {
        "active": true,
        "override_min_value": false,
        "min_value": 30,
        "override_max_value": false,
        "max_value": 60,
        "override_weight": false,
        "weight": 1.0
      }
    },
    {
      "key": "Lost Note 2",
      "value": {
        "active": true,
        "override_min_value": false,
        "min_value": 30,
        "override_max_value": false,
        "max_value": 60,
        "override_weight": false,
        "weight": 1.0
      }
    },
    {
      "key": "Lost Note 3",
      "value": {
        "active": true,
        "override_min_value": false,
        "min_value": 30,
        "override_max_value": false,
        "max_value": 60,
        "override_weight": false,
        "weight": 1.0
      }
    },
    {
      "key": "Lost Note 4",
      "value": {
        "active": true,
        "override_min_value": false,
        "min_value": 30,
        "override_max_value": false,
        "max_value": 60,
        "override_weight": false,
        "weight": 1.0
      }
    },
    {
      "key": "Magic 7 ball",
      "value": {
        "active": true,
        "override_min_value": false,
        "min_value": 90,
        "override_max_value": false,
        "max_value": 180,
        "override_weight": false,
        "weight": 1.15
      }
    },
    {
      "key": "Magnifying glass",
      "value": {
        "active": true,
        "override_min_value": false,
        "min_value": 110,
        "override_max_value": false,
        "max_value": 150,
        "override_weight": false,
        "weight": 1.1
      }
    },
    {
      "key": "Maxwell",
      "value": {
        "active": true,
        "override_min_value": false,
        "min_value": 180,
        "override_max_value": false,
        "max_value": 350,
        "override_weight": false,
        "weight": 1.11428
      }
    },
    {
      "key": "Metal sheet",
      "value": {
        "active": true,
        "override_min_value": false,
        "min_value": 25,
        "override_max_value": false,
        "max_value": 55,
        "override_weight": false,
        "weight": 1.25
      }
    },
    {
      "key": "Mug",
      "value": {
        "active": true,
        "override_min_value": false,
        "min_value": 60,
        "override_max_value": false,
        "max_value": 170,
        "override_weight": false,
        "weight": 1.05
      }
    },
    {
      "key": "Oil Shale",
      "value": {
        "active": true,
        "override_min_value": false,
        "min_value": 70,
        "override_max_value": false,
        "max_value": 90,
        "override_weight": false,
        "weight": 1.12
      }
    },
    {
      "key": "Old phone",
      "value": {
        "active": true,
        "override_min_value": false,
        "min_value": 120,
        "override_max_value": false,
        "max_value": 160,
        "override_weight": false,
        "weight": 1.05
      }
    },
    {
      "key": "Old Radio",
      "value": {
        "active": true,
        "override_min_value": false,
        "min_value": 90,
        "override_max_value": false,
        "max_value": 120,
        "override_weight": false,
        "weight": 1.1
      }
    },
    {
      "key": "Painting",
      "value": {
        "active": true,
        "override_min_value": false,
        "min_value": 150,
        "override_max_value": false,
        "max_value": 310,
        "override_weight": false,
        "weight": 1.3
      }
    },
    {
      "key": "Perfume bottle",
      "value": {
        "active": true,
        "override_min_value": false,
        "min_value": 120,
        "override_max_value": false,
        "max_value": 260,
        "override_weight": false,
        "weight": 1.0
      }
    },
    {
      "key": "Pickaxe",
      "value": {
        "active": true,
        "override_min_value": false,
        "min_value": 120,
        "override_max_value": false,
        "max_value": 140,
        "override_weight": false,
        "weight": 1.33
      }
    },
    {
      "key": "Pill bottle",
      "value": {
        "active": true,
        "override_min_value": false,
        "min_value": 40,
        "override_max_value": false,
        "max_value": 100,
        "override_weight": false,
        "weight": 1.0
      }
    },
    {
      "key": "Pintoboy",
      "value": {
        "active": true,
        "override_min_value": false,
        "min_value": 50,
        "override_max_value": false,
        "max_value": 100,
        "override_weight": false,
        "weight": 0.2
      }
    },
    {
      "key": "Plant",
      "value": {
        "active": true,
        "override_min_value": false,
        "min_value": 75,
        "override_max_value": false,
        "max_value": 125,
        "override_weight": false,
        "weight": 1.15
      }
    },
    {
      "key": "Plastic fish",
      "value": {
        "active": true,
        "override_min_value": false,
        "min_value": 70,
        "override_max_value": false,
        "max_value": 100,
        "override_weight": false,
        "weight": 1.0
      }
    },
    {
      "key": "Pliers",
      "value": {
        "active": true,
        "override_min_value": false,
        "min_value": 50,
        "override_max_value": false,
        "max_value": 100,
        "override_weight": false,
        "weight": 1.06
      }
    },
    {
      "key": "Plunger",
      "value": {
        "active": true,
        "override_min_value": false,
        "min_value": 100,
        "override_max_value": false,
        "max_value": 150,
        "override_weight": false,
        "weight": 1.1
      }
    },
    {
      "key": "Polaroid",
      "value": {
        "active": true,
        "override_min_value": false,
        "min_value": 50,
        "override_max_value": false,
        "max_value": 70,
        "override_weight": false,
        "weight": 1.15
      }
    },
    {
      "key": "Potatoes",
      "value": {
        "active": true,
        "override_min_value": false,
        "min_value": 99,
        "override_max_value": false,
        "max_value": 349,
        "override_weight": false,
        "weight": 1.09523809
      }
    },
    {
      "key": "Quarter Jar",
      "value": {
        "active": true,
        "override_min_value": false,
        "min_value": 100,
        "override_max_value": false,
        "max_value": 100,
        "override_weight": false,
        "weight": 1.01
      }
    },
    {
      "key": "Raven Skull",
      "value": {
        "active": true,
        "override_min_value": false,
        "min_value": 120,
        "override_max_value": false,
        "max_value": 200,
        "override_weight": false,
        "weight": 1.08
      }
    },
    {
      "key": "Raw Gold",
      "value": {
        "active": true,
        "override_min_value": false,
        "min_value": 210,
        "override_max_value": false,
        "max_value": 250,
        "override_weight": false,
        "weight": 1.42
      }
    },
    {
      "key": "Red soda",
      "value": {
        "active": true,
        "override_min_value": false,
        "min_value": 45,
        "override_max_value": false,
        "max_value": 225,
        "override_weight": false,
        "weight": 1.07
      }
    },
    {
      "key": "Remote",
      "value": {
        "active": true,
        "override_min_value": false,
        "min_value": 50,
        "override_max_value": false,
        "max_value": 120,
        "override_weight": false,
        "weight": 1.0
      }
    },
    {
      "key": "Retro Toy",
      "value": {
        "active": true,
        "override_min_value": false,
        "min_value": 45,
        "override_max_value": false,
        "max_value": 90,
        "override_weight": false,
        "weight": 1.05
      }
    },
    {
      "key": "Revolver",
      "value": {
        "active": true,
        "override_min_value": false,
        "min_value": 20,
        "override_max_value": false,
        "max_value": 150,
        "override_weight": false,
        "weight": 1.028
      }
    },
    {
      "key": "Ribcage",
      "value": {
        "active": true,
        "override_min_value": false,
        "min_value": 180,
        "override_max_value": false,
        "max_value": 200,
        "override_weight": false,
        "weight": 1.06
      }
    },
    {
      "key": "Ring",
      "value": {
        "active": true,
        "override_min_value": false,
        "min_value": 130,
        "override_max_value": false,
        "max_value": 200,
        "override_weight": false,
        "weight": 1.15
      }
    },
    {
      "key": "Rock",
      "value": {
        "active": true,
        "override_min_value": false,
        "min_value": 30,
        "override_max_value": false,
        "max_value": 60,
        "override_weight": false,
        "weight": 1.09
      }
    },
    {
      "key": "RockingHorse",
      "value": {
        "active": true,
        "override_min_value": false,
        "min_value": 120,
        "override_max_value": false,
        "max_value": 160,
        "override_weight": false,
        "weight": 1.18
      }
    },
    {
      "key": "Rubber Ducky",
      "value": {
        "active": true,
        "override_min_value": false,
        "min_value": 5,
        "override_max_value": false,
        "max_value": 250,
        "override_weight": false,
        "weight": 1.0
      }
    },
    {
      "key": "Rum Bottle",
      "value": {
        "active": true,
        "override_min_value": false,
        "min_value": 40,
        "override_max_value": false,
        "max_value": 80,
        "override_weight": false,
        "weight": 1.06
      }
    },
    {
      "key": "Screwdriver",
      "value": {
        "active": true,
        "override_min_value": false,
        "min_value": 25,
        "override_max_value": false,
        "max_value": 45,
        "override_weight": false,
        "weight": 1.0
      }
    },
    {
      "key": "Sink",
      "value": {
        "active": true,
        "override_min_value": false,
        "min_value": 150,
        "override_max_value": false,
        "max_value": 235,
        "override_weight": false,
        "weight": 1.5
      }
    },
    {
      "key": "Skillet",
      "value": {
        "active": true,
        "override_min_value": false,
        "min_value": 74,
        "override_max_value": false,
        "max_value": 224,
        "override_weight": false,
        "weight": 1.07619047
      }
    },
    {
      "key": "Skull",
      "value": {
        "active": true,
        "override_min_value": false,
        "min_value": 80,
        "override_max_value": false,
        "max_value": 160,
        "override_weight": false,
        "weight": 1.04
      }
    },
    {
      "key": "Socket Wrench",
      "value": {
        "active": true,
        "override_min_value": false,
        "min_value": 30,
        "override_max_value": false,
        "max_value": 120,
        "override_weight": false,
        "weight": 1.08
      }
    },
    {
      "key": "Squeaky toy",
      "value": {
        "active": true,
        "override_min_value": false,
        "min_value": 50,
        "override_max_value": false,
        "max_value": 95,
        "override_weight": false,
        "weight": 1.0
      }
    },
    {
      "key": "Steering wheel",
      "value": {
        "active": true,
        "override_min_value": false,
        "min_value": 40,
        "override_max_value": false,
        "max_value": 80,
        "override_weight": false,
        "weight": 1.15
      }
    },
    {
      "key": "Stop sign",
      "value": {
        "active": true,
        "override_min_value": false,
        "min_value": 50,
        "override_max_value": false,
        "max_value": 130,
        "override_weight": false,
        "weight": 1.2
      }
    },
    {
      "key": "Suitcase",
      "value": {
        "active": true,
        "override_min_value": false,
        "min_value": 250,
        "override_max_value": false,
        "max_value": 500,
        "override_weight": false,
        "weight": 1.8
      }
    },
    {
      "key": "Tall Candlestick",
      "value": {
        "active": true,
        "override_min_value": false,
        "min_value": 180,
        "override_max_value": false,
        "max_value": 200,
        "override_weight": false,
        "weight": 1.28
      }
    },
    {
      "key": "Tea kettle",
      "value": {
        "active": true,
        "override_min_value": false,
        "min_value": 80,
        "override_max_value": false,
        "max_value": 140,
        "override_weight": false,
        "weight": 1.2
      }
    },
    {
      "key": "Teeth",
      "value": {
        "active": true,
        "override_min_value": false,
        "min_value": 150,
        "override_max_value": false,
        "max_value": 210,
        "override_weight": false,
        "weight": 1.0
      }
    },
    {
      "key": "Toaster",
      "value": {
        "active": true,
        "override_min_value": false,
        "min_value": 150,
        "override_max_value": false,
        "max_value": 250,
        "override_weight": false,
        "weight": 1.12
      }
    },
    {
      "key": "Toimari Plush",
      "value": {
        "active": true,
        "override_min_value": false,
        "min_value": 100,
        "override_max_value": false,
        "max_value": 250,
        "override_weight": false,
        "weight": 1.0952
      }
    },
    {
      "key": "Toolbox",
      "value": {
        "active": true,
        "override_min_value": false,
        "min_value": 100,
        "override_max_value": false,
        "max_value": 190,
        "override_weight": false,
        "weight": 1.2
      }
    },
    {
      "key": "Toothpaste",
      "value": {
        "active": true,
        "override_min_value": false,
        "min_value": 35,
        "override_max_value": false,
        "max_value": 120,
        "override_weight": false,
        "weight": 1.0
      }
    },
    {
      "key": "Top hat",
      "value": {
        "active": true,
        "override_min_value": false,
        "min_value": 80,
        "override_max_value": false,
        "max_value": 160,
        "override_weight": false,
        "weight": 1.0
      }
    },
    {
      "key": "Toy car",
      "value": {
        "active": true,
        "override_min_value": false,
        "min_value": 49,
        "override_max_value": false,
        "max_value": 174,
        "override_weight": false,
        "weight": 1.02857149
      }
    },
    {
      "key": "Toy cube",
      "value": {
        "active": true,
        "override_min_value": false,
        "min_value": 60,
        "override_max_value": false,
        "max_value": 110,
        "override_weight": false,
        "weight": 1.0
      }
    },
    {
      "key": "Toy Hammer",
      "value": {
        "active": true,
        "override_min_value": false,
        "min_value": 40,
        "override_max_value": false,
        "max_value": 200,
        "override_weight": false,
        "weight": 1.0952
      }
    },
    {
      "key": "Toy robot",
      "value": {
        "active": true,
        "override_min_value": false,
        "min_value": 140,
        "override_max_value": false,
        "max_value": 220,
        "override_weight": false,
        "weight": 1.2
      }
    },
    {
      "key": "Toy tank",
      "value": {
        "active": true,
        "override_min_value": false,
        "min_value": 49,
        "override_max_value": false,
        "max_value": 199,
        "override_weight": false,
        "weight": 1.03809524
      }
    },
    {
      "key": "Traffic cone",
      "value": {
        "active": true,
        "override_min_value": false,
        "min_value": 100,
        "override_max_value": false,
        "max_value": 200,
        "override_weight": false,
        "weight": 1.18
      }
    },
    {
      "key": "Tragedy",
      "value": {
        "active": true,
        "override_min_value": false,
        "min_value": 70,
        "override_max_value": false,
        "max_value": 130,
        "override_weight": false,
        "weight": 1.1
      }
    },
    {
      "key": "TypeWriter",
      "value": {
        "active": true,
        "override_min_value": false,
        "min_value": 90,
        "override_max_value": false,
        "max_value": 120,
        "override_weight": false,
        "weight": 1.15
      }
    },
    {
      "key": "Vent",
      "value": {
        "active": true,
        "override_min_value": false,
        "min_value": 30,
        "override_max_value": false,
        "max_value": 80,
        "override_weight": false,
        "weight": 1.15
      }
    },
    {
      "key": "Vodka",
      "value": {
        "active": true,
        "override_min_value": false,
        "min_value": 45,
        "override_max_value": false,
        "max_value": 70,
        "override_weight": false,
        "weight": 1.08
      }
    },
    {
      "key": "V-type engine",
      "value": {
        "active": true,
        "override_min_value": false,
        "min_value": 50,
        "override_max_value": false,
        "max_value": 140,
        "override_weight": false,
        "weight": 1.15
      }
    },
    {
      "key": "Warplane toy",
      "value": {
        "active": true,
        "override_min_value": false,
        "min_value": 37,
        "override_max_value": false,
        "max_value": 187,
        "override_weight": false,
        "weight": 1.02857149
      }
    },
    {
      "key": "Watering Can",
      "value": {
        "active": true,
        "override_min_value": false,
        "min_value": 80,
        "override_max_value": false,
        "max_value": 160,
        "override_weight": false,
        "weight": 1.15
      }
    },
    {
      "key": "Weezer Guitar",
      "value": {
        "active": true,
        "override_min_value": false,
        "min_value": 240,
        "override_max_value": false,
        "max_value": 320,
        "override_weight": false,
        "weight": 1.3
      }
    },
    {
      "key": "Wheel",
      "value": {
        "active": true,
        "override_min_value": false,
        "min_value": 100,
        "override_max_value": false,
        "max_value": 200,
        "override_weight": false,
        "weight": 1.65
      }
    },
    {
      "key": "WheelRim",
      "value": {
        "active": true,
        "override_min_value": false,
        "min_value": 90,
        "override_max_value": false,
        "max_value": 140,
        "override_weight": false,
        "weight": 1.15
      }
    },
    {
      "key": "Whoopie cushion",
      "value": {
        "active": true,
        "override_min_value": false,
        "min_value": 15,
        "override_max_value": false,
        "max_value": 50,
        "override_weight": false,
        "weight": 1.0
      }
    },
    {
      "key": "Wine",
      "value": {
        "active": true,
        "override_min_value": false,
        "min_value": 50,
        "override_max_value": false,
        "max_value": 80,
        "override_weight": false,
        "weight": 1.07
      }
    },
    {
      "key": "Wine bottle",
      "value": {
        "active": true,
        "override_min_value": false,
        "min_value": 225,
        "override_max_value": false,
        "max_value": 375,
        "override_weight": false,
        "weight": 1.03
      }
    },
    {
      "key": "WireSpool",
      "value": {
        "active": true,
        "override_min_value": false,
        "min_value": 90,
        "override_max_value": false,
        "max_value": 120,
        "override_weight": false,
        "weight": 1.12
      }
    },
    {
      "key": "Wrench",
      "value": {
        "active": true,
        "override_min_value": false,
        "min_value": 75,
        "override_max_value": false,
        "max_value": 125,
        "override_weight": false,
        "weight": 1.22
      }
    },
    {
      "key": "Yield sign",
      "value": {
        "active": true,
        "override_min_value": false,
        "min_value": 45,
        "override_max_value": false,
        "max_value": 90,
        "override_weight": false,
        "weight": 1.4
      }
    },
    {
      "key": "Zip Jar",
      "value": {
        "active": true,
        "override_min_value": false,
        "min_value": 420,
        "override_max_value": false,
        "max_value": 420,
        "override_weight": false,
        "weight": 1.04
      }
    }
  ]
}